{"cameraMode":{"drawMode":0,"name":"Shaded","section":"Shading Mode"},"sceneLighting":false,"audioPlay":false,"sceneViewState":{"m_AlwaysRefresh":false,"showFog":true,"showSkybox":false,"showFlares":true,"showImageEffects":true,"showParticleSystems":true,"showVisualEffectGraphs":true,"m_FxEnabled":true},"in2DMode":false,"pivot":{"x":-0.000032901763916015625,"y":0.7305867671966553,"z":0.00991252064704895},"rotation":{"x":0.12741118669509889,"y":0.034852344542741778,"z":-0.004567761905491352,"w":0.9914450645446777},"size":1.0026652812957764,"orthographic":false}