{"cameraMode":{"drawMode":0,"name":"Shaded","section":"Shading Mode"},"sceneLighting":false,"audioPlay":false,"sceneViewState":{"m_AlwaysRefresh":false,"showFog":false,"showSkybox":false,"showFlares":false,"showImageEffects":false,"showParticleSystems":false,"showVisualEffectGraphs":true,"m_FxEnabled":true},"in2DMode":false,"pivot":{"x":-0.009047985076904297,"y":0.8034292459487915,"z":0.04757845401763916},"rotation":{"x":-0.08773981779813767,"y":0.9122841358184815,"z":-0.2840200960636139,"w":-0.2819102108478546},"size":1.1907511949539185,"orthographic":false}