{"cameraMode":{"drawMode":0,"name":"Shaded","section":"Shading Mode"},"sceneLighting":false,"audioPlay":false,"sceneViewState":{"m_AlwaysRefresh":false,"showFog":true,"showSkybox":false,"showFlares":true,"showImageEffects":true,"showParticleSystems":true,"showVisualEffectGraphs":true,"m_FxEnabled":true},"in2DMode":false,"pivot":{"x":0.10669505596160889,"y":0.7241249084472656,"z":0.21842044591903687},"rotation":{"x":0.03198457509279251,"y":0.9677001237869263,"z":-0.1629672646522522,"w":0.19080016016960145},"size":1.492275595664978,"orthographic":false}