{"cameraMode":{"drawMode":0,"name":"Shaded","section":"Shading Mode"},"sceneLighting":false,"audioPlay":false,"sceneViewState":{"m_AlwaysRefresh":false,"showFog":true,"showSkybox":false,"showFlares":true,"showImageEffects":true,"showParticleSystems":true,"showVisualEffectGraphs":true,"m_FxEnabled":true},"in2DMode":false,"pivot":{"x":-0.0008339285850524902,"y":0.6176947355270386,"z":-0.05351996421813965},"rotation":{"x":0.026547782123088838,"y":0.9517996907234192,"z":-0.29318520426750185,"w":0.08618328720331192},"size":1.4612711668014527,"orthographic":false}