{"cameraMode":{"drawMode":0,"name":"Shaded","section":"Shading Mode"},"sceneLighting":false,"audioPlay":false,"sceneViewState":{"m_AlwaysRefresh":false,"showFog":true,"showSkybox":false,"showFlares":true,"showImageEffects":true,"showParticleSystems":true,"showVisualEffectGraphs":true,"m_FxEnabled":true},"in2DMode":false,"pivot":{"x":-0.2484600841999054,"y":0.9599806070327759,"z":-0.2120000123977661},"rotation":{"x":-0.005177788436412811,"y":0.9733090400695801,"z":-0.22924453020095826,"w":-0.022253328934311868},"size":2.262125253677368,"orthographic":false}