{"cameraMode":{"drawMode":0,"name":"Shaded","section":"Shading Mode"},"sceneLighting":false,"audioPlay":false,"sceneViewState":{"m_AlwaysRefresh":false,"showFog":false,"showSkybox":false,"showFlares":false,"showImageEffects":false,"showParticleSystems":false,"showVisualEffectGraphs":true,"m_FxEnabled":true},"in2DMode":false,"pivot":{"x":0.00015369057655334473,"y":0.9258214831352234,"z":0.08850161731243134},"rotation":{"x":-0.043604426085948947,"y":0.8871635794639587,"z":-0.08571168035268784,"w":-0.45143187046051028},"size":1.2679404020309449,"orthographic":false}